--
-- Table structure for table `publishers`
--

CREATE TABLE IF NOT EXISTS `publishers` (
 `id` int(11) NOT NULL auto_increment,
 `name` varchar(255) default NULL,
 `email` varchar(255) default NULL,
 `created_at` datetime NOT NULL,
 `updated_at` datetime NOT NULL,
 `password_digest` varchar(255) default NULL,
 `remember_digest` varchar(255) default NULL,
 `admin` tinyint(1) default NULL,
 `activation_digest` varchar(255) default NULL,
 `activated` tinyint(1) default NULL,
 `activated_at` datetime default NULL,
 `reset_digest` varchar(255) default NULL,
 `reset_sent_at` datetime default NULL,
 PRIMARY KEY (`id`),
 UNIQUE KEY `index_users_on_email` (`email`)
) ENGINE=InnoDB DEFAULT CHARSET=utf8;

--
-- Dumping data for table `publishers`
--

INSERT INTO `publishers` VALUES (1,'John Stewart','john.stewart@gmail.com','2019-12-18 23:14:58','2019-12-18 23:14:58','42CFD85A880905FA8B680D0B53FDF0C1',NULL,NULL,NULL,NULL,NULL,NULL,NULL),(2,'Peter Smith','peter.smith@spotify.com','2019-12-18 23:14:58','2019-12-18 23:14:58','2646F109C7263629DC7EC9FFF3662FFD',NULL,NULL,NULL,NULL,NULL,NULL,NULL),(3,'Neil Diamond','neil.diamond@facebook.com','2019-12-18 23:16:57','2019-12-18 23:16:57','D2B58B63DDD255DC8C1041D47E01F57D',NULL,NULL,NULL,NULL,NULL,NULL,NULL),(4,'Marc Andressen','marc.andressen@yahoo.com','2019-12-18 23:16:57','2019-12-18 23:16:57','FA0B17CEBB9EADA7AD58BF824474B99F',NULL,NULL,NULL,NULL,NULL,NULL,NULL),(5,'Luc Bresson','luc.bresson@ebay.com','2019-12-18 23:19:37','2019-12-18 23:19:37','0BE083C2E2C9D04239483381EFA2471C',NULL,NULL,NULL,NULL,NULL,NULL,NULL);

--
-- Table structure for table `jobcategories`
--

CREATE TABLE IF NOT EXISTS `jobcategories` (
 `id` int(11) NOT NULL auto_increment,
 `name` varchar(255) default NULL,
 `description` varchar(255) default NULL,
 `image` varchar(255) default NULL,
 PRIMARY KEY (`id`)
) ENGINE=InnoDB DEFAULT CHARSET=utf8;

--
-- Dumping data for table `jobcategories`
--

INSERT INTO `jobcategories` VALUES (1,'Full-time',NULL,NULL),(2,'Part-time',NULL,NULL),(3,'Freelancer',NULL,NULL),(4,'Internship',NULL,NULL), (5,'Temporary',NULL,NULL);

--
-- Table structure for table `jobs`
--

CREATE TABLE IF NOT EXISTS `jobs` (
 `id` int(11) NOT NULL auto_increment,
 `cat_id` int(11) NOT NULL,
 `publisher_id` int(11) NOT NULL,
 `title` varchar(255) default NULL,
 `company` varchar(255) default NULL,
 `created_at` datetime NOT NULL,
 `description` varchar(255) default NULL,
 `location` varchar(255) default NULL,
 `salary` int(11) default NULL,
 `image` varchar(255) default NULL,
 PRIMARY KEY (`id`),
 CONSTRAINT FOREIGN KEY (`cat_id`) REFERENCES `jobcategories` (`id`),
 CONSTRAINT FOREIGN KEY (`publisher_id`) REFERENCES `publishers` (`id`)
) ENGINE=InnoDB DEFAULT CHARSET=utf8;


--
-- Dumping data for table `jobs`
--

INSERT INTO `jobs` VALUES (1,3,1,'Dropbox Product Designer','Software startup','2019-12-18 23:25:53','Developing cutting-edge digital solutions','Barcelona',50,'1.jpg'),(2,2,2,'Senior Programmer in Flask','Spotify ','2019-12-18 23:25:53','You will work alongside some of the best developers','Faro',70,'2.jpg'),(3,1,3,'FullStack Developer in Flask and React','Facebook','2019-12-18 23:30:51','Do you look beyond the code and back-end solution?','Brussels',80,'3.jpg'),(4,4,4,'Dropbox Product Designer','Yahoo','2019-12-18 23:30:51','Back-end developer with expertise in Flask','Dublin',60,'4.jpg'),(5,5,5,'Front End Developer in Vue.js','Ebay','2019-12-18 23:33:15','Front-end developer who masters JavaScript, Angular, React, Vue','London',50,'5.jpg');

--
-- Table structure for table `users`
--

CREATE TABLE IF NOT EXISTS `users` (
 `id` int(11) NOT NULL auto_increment,
 `name` varchar(255) default NULL,
 `email` varchar(255) default NULL,
 `created_at` datetime NOT NULL,
 `updated_at` datetime NOT NULL,
 `password_digest` varchar(255) default NULL,
 `remember_digest` varchar(255) default NULL,
 `admin` tinyint(1) default NULL,
 `activation_digest` varchar(255) default NULL,
 `activated` tinyint(1) default NULL,
 `activated_at` datetime default NULL,
 `reset_digest` varchar(255) default NULL,
 `reset_sent_at` datetime default NULL,
 PRIMARY KEY (`id`),
 UNIQUE KEY `index_users_on_email` (`email`)
) ENGINE=InnoDB DEFAULT CHARSET=utf8;

--
-- Table structure for table `applications`
--

CREATE TABLE IF NOT EXISTS `applications` (
 `id` int(11) NOT NULL auto_increment,
 `job_id` int(11) NOT NULL,
 `user_id` int(11) NOT NULL,
 `motivation` varchar(255) default NULL,
 `salary` int(11) default NULL,
 `cv` varchar(255) default NULL,
 `applied_at` datetime NOT NULL,
 PRIMARY KEY (`id`),
 UNIQUE KEY  (`job_id`, `user_id`),
 CONSTRAINT FOREIGN KEY (`job_id`) REFERENCES `jobs` (`id`),
 CONSTRAINT FOREIGN KEY (`user_id`) REFERENCES `users` (`id`)
) ENGINE=InnoDB DEFAULT CHARSET=utf8;

